Time,Extension,Load
(s),(mm),(kN)
"0.00000","0.00000","0.01617"
"0.10000","0.00253","0.01795"
"0.20000","0.00722","0.02450"
"0.30000","0.01181","0.03086"
"0.40000","0.01621","0.03713"
"0.50000","0.02071","0.04272"
"0.60000","0.02511","0.04864"
"0.70000","0.02942","0.05387"
"0.80000","0.03373","0.05807"
"0.90000","0.03814","0.06152"
"1.00000","0.04236","0.06438"
"1.10000","0.04648","0.06690"
"1.20000","0.05088","0.06836"
"1.30000","0.05510","0.07006"
"1.40000","0.05932","0.07132"
"1.50000","0.06363","0.07196"
"1.60000","0.06794","0.07248"
"1.70000","0.07206","0.07300"
"1.80000","0.07628","0.07311"
"1.90000","0.08059","0.07308"
"2.00000","0.08471","0.07330"
"2.10000","0.08893","0.07333"
"2.20000","0.09324","0.07348"
"2.30000","0.09745","0.07386"
"2.40000","0.10158","0.07383"
"2.50000","0.10579","0.07388"
"2.60000","0.11020","0.07427"
"2.70000","0.11432","0.07394"
"2.80000","0.11854","0.07409"
"2.90000","0.12285","0.07407"
"3.00000","0.12707","0.07409"
"3.10000","0.13119","0.07431"
"3.20000","0.13550","0.07435"
"3.30000","0.13972","0.07451"
"3.40000","0.14393","0.07457"
"3.50000","0.14815","0.07452"
"3.60000","0.15255","0.07475"
"3.70000","0.15658","0.07462"
"3.80000","0.16089","0.07478"
"3.90000","0.16511","0.07502"
"4.00000","0.16942","0.07502"
"4.10000","0.17354","0.07494"
"4.20000","0.17795","0.07471"
"4.30000","0.18226","0.07491"
"4.40000","0.18629","0.07505"
"4.50000","0.19051","0.07492"
"4.60000","0.19491","0.07497"
"4.70000","0.19903","0.07520"
"4.80000","0.20325","0.07530"
"4.90000","0.20747","0.07535"
"5.00000","0.21178","0.07545"
"5.10000","0.21590","0.07528"
"5.20000","0.22012","0.07538"
"5.30000","0.22443","0.07535"
"5.40000","0.22864","0.07557"
"5.50000","0.23286","0.07562"
"5.60000","0.23717","0.07561"
"5.70000","0.24148","0.07585"
"5.80000","0.24551","0.07601"
"5.90000","0.24982","0.07573"
"6.00000","0.25413","0.07603"
"6.10000","0.25826","0.07603"
"6.20000","0.26247","0.07593"
"6.30000","0.26678","0.07616"
"6.40000","0.27100","0.07629"
"6.50000","0.27512","0.07623"
"6.60000","0.27953","0.07643"
"6.70000","0.28374","0.07663"
"6.80000","0.28787","0.07658"
"6.90000","0.29208","0.07665"
"7.00000","0.29639","0.07697"
"7.10000","0.30052","0.07711"
"7.20000","0.30473","0.07747"
"7.30000","0.30904","0.07770"
"7.40000","0.31326","0.07791"
"7.50000","0.31738","0.07810"
"7.60000","0.32179","0.07815"
"7.70000","0.32601","0.07864"
"7.80000","0.33022","0.07919"
"7.90000","0.33444","0.08003"
"8.00000","0.33875","0.08162"
"8.10000","0.34297","0.08277"
"8.20000","0.34718","0.08432"
"8.30000","0.35149","0.08634"
"8.40000","0.35571","0.08880"
"8.50000","0.35974","0.09165"
"8.60000","0.36414","0.09659"
"8.70000","0.36845","0.10197"
"8.80000","0.37258","0.10736"
"8.90000","0.37679","0.11285"
"9.00000","0.38110","0.11804"
"9.10000","0.38532","0.12332"
"9.20000","0.38944","0.12906"
"9.30000","0.39376","0.13431"
"9.40000","0.39807","0.13951"
"9.50000","0.40219","0.14477"
"9.60000","0.40650","0.15022"
"9.70000","0.41072","0.15537"
"9.80000","0.41493","0.16041"
"9.90000","0.41906","0.16587"
"10.00000","0.42346","0.17092"
"10.10000","0.42758","0.17547"
"10.20000","0.43180","0.18081"
"10.30000","0.43602","0.18595"
"10.40000","0.44023","0.19074"
"10.50000","0.44436","0.19607"
"10.60000","0.44876","0.20113"
"10.70000","0.45298","0.20604"
"10.80000","0.45719","0.21098"
"10.90000","0.46141","0.21602"
"11.00000","0.46563","0.22100"
"11.10000","0.46994","0.22585"
"11.20000","0.47406","0.23092"
"11.30000","0.47837","0.23600"
"11.40000","0.48259","0.24070"
"11.50000","0.48681","0.24586"
"11.60000","0.49112","0.25085"
"11.70000","0.49533","0.25564"
"11.80000","0.49955","0.26078"
"11.90000","0.50377","0.26573"
"12.00000","0.50808","0.27062"
"12.10000","0.51229","0.27536"
"12.20000","0.51651","0.28045"
"12.30000","0.52082","0.28543"
"12.40000","0.52504","0.29002"
"12.50000","0.52916","0.29494"
"12.60000","0.53347","0.30028"
"12.70000","0.53778","0.30494"
"12.80000","0.54181","0.30958"
"12.90000","0.54612","0.31471"
"13.00000","0.55043","0.31947"
"13.10000","0.55465","0.32419"
"13.20000","0.55887","0.32894"
"13.30000","0.56318","0.33408"
"13.40000","0.56749","0.33861"
"13.50000","0.57161","0.34330"
"13.60000","0.57583","0.34828"
"13.70000","0.58014","0.35303"
"13.80000","0.58426","0.35743"
"13.90000","0.58848","0.36224"
"14.00000","0.59279","0.36703"
"14.10000","0.59700","0.37164"
"14.20000","0.60122","0.37651"
"14.30000","0.60544","0.38127"
"14.40000","0.60965","0.38583"
"14.50000","0.61387","0.39037"
"14.60000","0.61818","0.39526"
"14.70000","0.62240","0.39959"
"14.80000","0.62652","0.40463"
"14.90000","0.63074","0.40939"
"15.00000","0.63505","0.41369"
"15.10000","0.63927","0.41827"
"15.20000","0.64339","0.42290"
"15.30000","0.64770","0.42776"
"15.40000","0.65192","0.43213"
"15.50000","0.65613","0.43660"
"15.60000","0.66035","0.44152"
"15.70000","0.66475","0.44629"
"15.80000","0.66888","0.45074"
"15.90000","0.67309","0.45532"
"16.00000","0.67740","0.45983"
"16.10000","0.68162","0.46437"
"16.20000","0.68584","0.46896"
"16.30000","0.69006","0.47371"
"16.40000","0.69437","0.47821"
"16.50000","0.69849","0.48239"
"16.60000","0.70280","0.48739"
"16.70000","0.70720","0.49174"
"16.80000","0.71123","0.49626"
"16.90000","0.71545","0.50078"
"17.00000","0.71976","0.50538"
"17.10000","0.72398","0.50959"
"17.20000","0.72810","0.51393"
"17.30000","0.73241","0.51857"
"17.40000","0.73663","0.52286"
"17.50000","0.74084","0.52698"
"17.60000","0.74506","0.53175"
"17.70000","0.74937","0.53604"
"17.80000","0.75349","0.54001"
"17.90000","0.75771","0.54491"
"18.00000","0.76202","0.54903"
"18.10000","0.76624","0.55308"
"18.20000","0.77046","0.55763"
"18.30000","0.77477","0.56216"
"18.40000","0.77908","0.56642"
"18.50000","0.78320","0.57072"
"18.60000","0.78751","0.57512"
"18.70000","0.79173","0.57964"
"18.80000","0.79594","0.58381"
"18.90000","0.80007","0.58822"
"19.00000","0.80438","0.59255"
"19.10000","0.80859","0.59708"
"19.20000","0.81272","0.60112"
"19.30000","0.81703","0.60582"
"19.40000","0.82134","0.60994"
"19.50000","0.82546","0.61407"
"19.60000","0.82968","0.61870"
"19.70000","0.83408","0.62288"
"19.80000","0.83821","0.62703"
"19.90000","0.84242","0.63150"
"20.00000","0.84673","0.63594"
"20.10000","0.85095","0.64027"
"20.20000","0.85517","0.64456"
"20.30000","0.85938","0.64881"
"20.40000","0.86369","0.65304"
"20.50000","0.86782","0.65727"
"20.60000","0.87213","0.66166"
"20.70000","0.87644","0.66592"
"20.80000","0.88065","0.67017"
"20.90000","0.88478","0.67444"
"21.00000","0.88909","0.67895"
"21.10000","0.89330","0.68308"
"21.20000","0.89743","0.68719"
"21.30000","0.90174","0.69134"
"21.40000","0.90605","0.69559"
"21.50000","0.91017","0.69966"
"21.60000","0.91439","0.70392"
"21.70000","0.91879","0.70815"
"21.80000","0.92301","0.71229"
"21.90000","0.92704","0.71639"
"22.00000","0.93135","0.72075"
"22.10000","0.93566","0.72496"
"22.20000","0.93978","0.72882"
"22.30000","0.94400","0.73290"
"22.40000","0.94840","0.73710"
"22.50000","0.95253","0.74117"
"22.60000","0.95674","0.74529"
"22.70000","0.96105","0.74926"
"22.80000","0.96527","0.75333"
"22.90000","0.96930","0.75736"
"23.00000","0.97361","0.76159"
"23.10000","0.97792","0.76581"
"23.20000","0.98214","0.76965"
"23.30000","0.98636","0.77376"
"23.40000","0.99067","0.77779"
"23.50000","0.99488","0.78197"
"23.60000","0.99901","0.78594"
"23.70000","1.00341","0.79022"
"23.80000","1.00763","0.79413"
"23.90000","1.01175","0.79808"
"24.00000","1.01606","0.80234"
"24.10000","1.02037","0.80670"
"24.20000","1.02449","0.81057"
"24.30000","1.02871","0.81438"
"24.40000","1.03302","0.81865"
"24.50000","1.03724","0.82256"
"24.60000","1.04145","0.82673"
"24.70000","1.04577","0.83062"
"24.80000","1.04998","0.83459"
"24.90000","1.05401","0.83858"
"25.00000","1.05823","0.84256"
"25.10000","1.06254","0.84665"
"25.20000","1.06676","0.85063"
"25.30000","1.07097","0.85453"
"25.40000","1.07538","0.85878"
"25.50000","1.07959","0.86232"
"25.60000","1.08372","0.86634"
"25.70000","1.08803","0.87023"
"25.80000","1.09234","0.87433"
"25.90000","1.09646","0.87803"
"26.00000","1.10068","0.88205"
"26.10000","1.10508","0.88579"
"26.20000","1.10911","0.88982"
"26.30000","1.11333","0.89381"
"26.40000","1.11773","0.89765"
"26.50000","1.12195","0.90146"
"26.60000","1.12607","0.90549"
"26.70000","1.13038","0.90951"
"26.80000","1.13460","0.91296"
"26.90000","1.13872","0.91665"
"27.00000","1.14294","0.92083"
"27.10000","1.14725","0.92453"
"27.20000","1.15147","0.92846"
"27.30000","1.15559","0.93240"
"27.40000","1.15999","0.93632"
"27.50000","1.16421","0.93990"
"27.60000","1.16833","0.94371"
"27.70000","1.17264","0.94789"
"27.80000","1.17695","0.95158"
"27.90000","1.18108","0.95536"
"28.00000","1.18539","0.95952"
"28.10000","1.18970","0.96344"
"28.20000","1.19392","0.96697"
"28.30000","1.19804","0.97121"
"28.40000","1.20235","0.97500"
"28.50000","1.20657","0.97882"
"28.60000","1.21078","0.98236"
"28.70000","1.21500","0.98633"
"28.80000","1.21922","0.98984"
"28.90000","1.22343","0.99355"
"29.00000","1.22756","0.99745"
"29.10000","1.23196","1.00110"
"29.20000","1.23608","1.00459"
"29.30000","1.24030","1.00860"
"29.40000","1.24461","1.01242"
"29.50000","1.24892","1.01622"
"29.60000","1.25304","1.01974"
"29.70000","1.25735","1.02368"
"29.80000","1.26167","1.02728"
"29.90000","1.26579","1.03078"
"30.00000","1.27001","1.03455"
"30.10000","1.27441","1.03863"
"30.20000","1.27853","1.04215"
"30.30000","1.28266","1.04569"
"30.40000","1.28706","1.04971"
"30.50000","1.29128","1.05305"
"30.60000","1.29540","1.05709"
"30.70000","1.29962","1.06055"
"30.80000","1.30393","1.06431"
"30.90000","1.30814","1.06804"
"31.00000","1.31236","1.07193"
"31.10000","1.31667","1.07555"
"31.20000","1.32079","1.07891"
"31.30000","1.32492","1.08282"
"31.40000","1.32923","1.08653"
"31.50000","1.33363","1.09024"
"31.60000","1.33766","1.09396"
"31.70000","1.34197","1.09768"
"31.80000","1.34619","1.10138"
"31.90000","1.35041","1.10481"
"32.00000","1.35462","1.10881"
"32.10000","1.35903","1.11253"
"32.20000","1.36324","1.11602"
"32.30000","1.36737","1.11961"
"32.40000","1.37168","1.12359"
"32.50000","1.37599","1.12742"
"32.60000","1.38011","1.13069"
"32.70000","1.38433","1.13444"
"32.80000","1.38864","1.13795"
"32.90000","1.39276","1.14173"
"33.00000","1.39698","1.14534"
"33.10000","1.40129","1.14932"
"33.20000","1.40550","1.15277"
"33.30000","1.40963","1.15666"
"33.40000","1.41394","1.16014"
"33.50000","1.41825","1.16378"
"33.60000","1.42237","1.16733"
"33.70000","1.42659","1.17107"
"33.80000","1.43099","1.17451"
"33.90000","1.43521","1.17798"
"34.00000","1.43933","1.18185"
"34.10000","1.44374","1.18518"
"34.20000","1.44786","1.18869"
"34.30000","1.45198","1.19209"
"34.40000","1.45629","1.19598"
"34.50000","1.46060","1.19961"
"34.60000","1.46473","1.20305"
"34.70000","1.46894","1.20673"
"34.80000","1.47325","1.21036"
"34.90000","1.47747","1.21373"
"35.00000","1.48159","1.21704"
"35.10000","1.48591","1.22104"
"35.20000","1.49012","1.22449"
"35.30000","1.49425","1.22810"
"35.40000","1.49856","1.23170"
"35.50000","1.50287","1.23510"
"35.60000","1.50699","1.23876"
"35.70000","1.51130","1.24232"
"35.80000","1.51561","1.24608"
"35.90000","1.51973","1.24905"
"36.00000","1.52395","1.25302"
"36.10000","1.52835","1.25679"
"36.20000","1.53257","1.26006"
"36.30000","1.53669","1.26365"
"36.40000","1.54091","1.26739"
"36.50000","1.54522","1.27089"
"36.60000","1.54944","1.27431"
"36.70000","1.55365","1.27784"
"36.80000","1.55797","1.28137"
"36.90000","1.56218","1.28506"
"37.00000","1.56640","1.28856"
"37.10000","1.57062","1.29229"
"37.20000","1.57493","1.29562"
"37.30000","1.57914","1.29929"
"37.40000","1.58336","1.30290"
"37.50000","1.58767","1.30663"
"37.60000","1.59189","1.30988"
"37.70000","1.59601","1.31367"
"37.80000","1.60032","1.31728"
"37.90000","1.60454","1.32059"
"38.00000","1.60866","1.32408"
"38.10000","1.61297","1.32759"
"38.20000","1.61728","1.33092"
"38.30000","1.62140","1.33424"
"38.40000","1.62562","1.33799"
"38.50000","1.62993","1.34131"
"38.60000","1.63415","1.34471"
"38.70000","1.63837","1.34817"
"38.80000","1.64258","1.35178"
"38.90000","1.64680","1.35493"
"39.00000","1.65092","1.35847"
"39.10000","1.65523","1.36193"
"39.20000","1.65945","1.36524"
"39.30000","1.66357","1.36874"
"39.40000","1.66788","1.37229"
"39.50000","1.67219","1.37577"
"39.60000","1.67641","1.37899"
"39.70000","1.68063","1.38276"
"39.80000","1.68494","1.38608"
"39.90000","1.68915","1.38965"
"40.00000","1.69328","1.39290"
"40.10000","1.69759","1.39651"
"40.20000","1.70190","1.39988"
"40.30000","1.70602","1.40327"
"40.40000","1.71024","1.40679"
"40.50000","1.71464","1.41005"
"40.60000","1.71877","1.41378"
"40.70000","1.72298","1.41715"
"40.80000","1.72720","1.42033"
"40.90000","1.73151","1.42378"
"41.00000","1.73563","1.42693"
"41.10000","1.73985","1.43058"
"41.20000","1.74425","1.43414"
"41.30000","1.74838","1.43729"
"41.40000","1.75259","1.44105"
"41.50000","1.75700","1.44438"
"41.60000","1.76112","1.44754"
"41.70000","1.76534","1.45121"
"41.80000","1.76955","1.45460"
"41.90000","1.77387","1.45788"
"42.00000","1.77799","1.46165"
"42.10000","1.78230","1.46480"
"42.20000","1.78652","1.46810"
"42.30000","1.79064","1.47154"
"42.40000","1.79495","1.47496"
"42.50000","1.79935","1.47850"
"42.60000","1.80348","1.48189"
"42.70000","1.80760","1.48504"
"42.80000","1.81191","1.48859"
"42.90000","1.81613","1.49175"
"43.00000","1.82025","1.49513"
"43.10000","1.82456","1.49857"
"43.20000","1.82887","1.50193"
"43.30000","1.83299","1.50535"
"43.40000","1.83721","1.50877"
"43.50000","1.84152","1.51232"
"43.60000","1.84574","1.51557"
"43.70000","1.84996","1.51889"
"43.80000","1.85427","1.52224"
"43.90000","1.85848","1.52572"
"44.00000","1.86261","1.52863"
"44.10000","1.86692","1.53239"
"44.20000","1.87123","1.53551"
"44.30000","1.87544","1.53879"
"44.40000","1.87957","1.54229"
"44.50000","1.88397","1.54573"
"44.60000","1.88819","1.54917"
"44.70000","1.89231","1.55235"
"44.80000","1.89662","1.55556"
"44.90000","1.90084","1.55908"
"45.00000","1.90505","1.56219"
"45.10000","1.90918","1.56569"
"45.20000","1.91358","1.56887"
"45.30000","1.91780","1.57210"
"45.40000","1.92192","1.57541"
"45.50000","1.92623","1.57885"
"45.60000","1.93054","1.58236"
"45.70000","1.93467","1.58508"
"45.80000","1.93888","1.58866"
"45.90000","1.94319","1.59185"
"46.00000","1.94741","1.59492"
"46.10000","1.95163","1.59851"
"46.20000","1.95594","1.60187"
"46.30000","1.96015","1.60492"
"46.40000","1.96428","1.60813"
"46.50000","1.96868","1.61165"
"46.60000","1.97280","1.61506"
"46.70000","1.97702","1.61802"
"46.80000","1.98124","1.62123"
"46.90000","1.98545","1.62442"
"47.00000","1.98967","1.62747"
"47.10000","1.99389","1.63083"
"47.20000","1.99811","1.63395"
"47.30000","2.00242","1.63733"
"47.40000","2.00654","1.64035"
"47.50000","2.01085","1.64365"
"47.60000","2.01507","1.64680"
"47.70000","2.01928","1.64967"
"47.80000","2.02350","1.65337"
"47.90000","2.02790","1.65629"
"48.00000","2.03203","1.65926"
"48.10000","2.03624","1.66272"
"48.20000","2.04055","1.66594"
"48.30000","2.04477","1.66886"
"48.40000","2.04889","1.67219"
"48.50000","2.05330","1.67562"
"48.60000","2.05742","1.67851"
"48.70000","2.06164","1.68175"
"48.80000","2.06586","1.68514"
"48.90000","2.07026","1.68837"
"49.00000","2.07438","1.69124"
"49.10000","2.07851","1.69440"
"49.20000","2.08282","1.69771"
"49.30000","2.08713","1.70096"
"49.40000","2.09125","1.70405"
"49.50000","2.09547","1.70734"
"49.60000","2.09987","1.71040"
"49.70000","2.10390","1.71362"
"49.80000","2.10812","1.71688"
"49.90000","2.11252","1.72009"
"50.00000","2.11664","1.72313"
"50.10000","2.12095","1.72648"
"50.20000","2.12527","1.72962"
"50.30000","2.12948","1.73255"
"50.40000","2.13361","1.73569"
"50.50000","2.13792","1.73914"
"50.60000","2.14213","1.74206"
"50.70000","2.14626","1.74514"
"50.80000","2.15047","1.74846"
"50.90000","2.15488","1.75115"
"51.00000","2.15900","1.75433"
"51.10000","2.16322","1.75718"
"51.20000","2.16753","1.76079"
"51.30000","2.17174","1.76369"
"51.40000","2.17587","1.76680"
"51.50000","2.18018","1.77009"
"51.60000","2.18458","1.77327"
"51.70000","2.18861","1.77616"
"51.80000","2.19283","1.77927"
"51.90000","2.19723","1.78235"
"52.00000","2.20145","1.78552"
"52.10000","2.20557","1.78872"
"52.20000","2.20998","1.79169"
"52.30000","2.21419","1.79465"
"52.40000","2.21822","1.79783"
"52.50000","2.22263","1.80109"
"52.60000","2.22694","1.80429"
"52.70000","2.23106","1.80718"
"52.80000","2.23528","1.81038"
"52.90000","2.23959","1.81339"
"53.00000","2.24380","1.81665"
"53.10000","2.24783","1.81933"
"53.20000","2.25224","1.82275"
"53.30000","2.25645","1.82577"
"53.40000","2.26058","1.82873"
"53.50000","2.26479","1.83175"
"53.60000","2.26910","1.83473"
"53.70000","2.27332","1.83788"
"53.80000","2.27744","1.84067"
"53.90000","2.28185","1.84418"
"54.00000","2.28607","1.84693"
"54.10000","2.29019","1.85000"
"54.20000","2.29450","1.85290"
"54.30000","2.29881","1.85606"
"54.40000","2.30293","1.85904"
"54.50000","2.30724","1.86211"
"54.60000","2.31155","1.86516"
"54.70000","2.31568","1.86804"
"54.80000","2.31980","1.87062"
"54.90000","2.32411","1.87419"
"55.00000","2.32842","1.87681"
"55.10000","2.33254","1.87999"
"55.20000","2.33676","1.88281"
"55.30000","2.34117","1.88575"
"55.40000","2.34529","1.88886"
"55.50000","2.34950","1.89160"
"55.60000","2.35382","1.89469"
"55.70000","2.35803","1.89793"
"55.80000","2.36216","1.90067"
"55.90000","2.36647","1.90378"
"56.00000","2.37078","1.90673"
"56.10000","2.37490","1.90979"
"56.20000","2.37912","1.91282"
"56.30000","2.38352","1.91586"
"56.40000","2.38764","1.91873"
"56.50000","2.39186","1.92193"
"56.60000","2.39626","1.92493"
"56.70000","2.40039","1.92785"
"56.80000","2.40451","1.93042"
"56.90000","2.40873","1.93378"
"57.00000","2.41304","1.93664"
"57.10000","2.41716","1.93924"
"57.20000","2.42147","1.94252"
"57.30000","2.42578","1.94566"
"57.40000","2.43000","1.94859"
"57.50000","2.43412","1.95143"
"57.60000","2.43853","1.95456"
"57.70000","2.44274","1.95741"
"57.80000","2.44696","1.96043"
"57.90000","2.45118","1.96357"
"58.00000","2.45549","1.96640"
"58.10000","2.45961","1.96954"
"58.20000","2.46383","1.97252"
"58.30000","2.46814","1.97547"
"58.40000","2.47235","1.97787"
"58.50000","2.47648","1.98129"
"58.60000","2.48079","1.98453"
"58.70000","2.48491","1.98702"
"58.80000","2.48913","1.98988"
"58.90000","2.49344","1.99305"
"59.00000","2.49766","1.99576"
"59.10000","2.50178","1.99872"
"59.20000","2.50609","2.00173"
"59.30000","2.51040","2.00457"
"59.40000","2.51462","2.00741"
"59.50000","2.51874","2.01033"
"59.60000","2.52305","2.01343"
"59.70000","2.52736","2.01611"
"59.80000","2.53148","2.01871"
"59.90000","2.53579","2.02204"
"60.00000","2.54010","2.02489"
"60.10000","2.54423","2.02783"
"60.20000","2.54854","2.03082"
"60.30000","2.55285","2.03374"
"60.40000","2.55707","2.03630"
"60.50000","2.56119","2.03934"
"60.60000","2.56550","2.04248"
"60.70000","2.56972","2.04511"
"60.80000","2.57393","2.04812"
"60.90000","2.57815","2.05104"
"61.00000","2.58237","2.05396"
"61.10000","2.58668","2.05640"
"61.20000","2.59080","2.05936"
"61.30000","2.59520","2.06265"
"61.40000","2.59942","2.06511"
"61.50000","2.60354","2.06799"
"61.60000","2.60785","2.07118"
"61.70000","2.61207","2.07380"
"61.80000","2.61619","2.07667"
"61.90000","2.62050","2.07952"
"62.00000","2.62481","2.08259"
"62.10000","2.62894","2.08528"
"62.20000","2.63315","2.08813"
"62.30000","2.63747","2.09106"
"62.40000","2.64168","2.09405"
"62.50000","2.64590","2.09693"
"62.60000","2.65012","2.09939"
"62.70000","2.65443","2.10252"
"62.80000","2.65855","2.10502"
"62.90000","2.66277","2.10803"
"63.00000","2.66708","2.11082"
"63.10000","2.67120","2.11334"
"63.20000","2.67542","2.11628"
"63.30000","2.67973","2.11934"
"63.40000","2.68394","2.12196"
"63.50000","2.68807","2.12468"
"63.60000","2.69247","2.12735"
"63.70000","2.69669","2.13024"
"63.80000","2.70081","2.13305"
"63.90000","2.70512","2.13597"
"64.00000","2.70943","2.13883"
"64.10000","2.71365","2.14151"
"64.20000","2.71777","2.14435"
"64.30000","2.72218","2.14708"
"64.40000","2.72630","2.15002"
"64.50000","2.73061","2.15262"
"64.60000","2.73483","2.15553"
"64.70000","2.73904","2.15821"
"64.80000","2.74317","2.16066"
"64.90000","2.74738","2.16359"
"65.00000","2.75169","2.16641"
"65.10000","2.75600","2.16935"
"65.20000","2.76013","2.17190"
"65.30000","2.76444","2.17486"
"65.40000","2.76875","2.17737"
"65.50000","2.77287","2.18012"
"65.60000","2.77709","2.18290"
"65.70000","2.78140","2.18560"
"65.80000","2.78562","2.18819"
"65.90000","2.78974","2.19122"
"66.00000","2.79414","2.19401"
"66.10000","2.79827","2.19644"
"66.20000","2.80239","2.19925"
"66.30000","2.80679","2.20223"
"66.40000","2.81101","2.20476"
"66.50000","2.81523","2.20745"
"66.60000","2.81944","2.21004"
"66.70000","2.82375","2.21257"
"66.80000","2.82788","2.21534"
"66.90000","2.83209","2.21811"
"67.00000","2.83640","2.22096"
"67.10000","2.84053","2.22379"
"67.20000","2.84474","2.22634"
"67.30000","2.84905","2.22927"
"67.40000","2.85337","2.23184"
"67.50000","2.85739","2.23437"
"67.60000","2.86171","2.23739"
"67.70000","2.86611","2.23989"
"67.80000","2.87023","2.24240"
"67.90000","2.87445","2.24526"
"68.00000","2.87876","2.24814"
"68.10000","2.88298","2.25072"
"68.20000","2.88710","2.25294"
"68.30000","2.89141","2.25571"
"68.40000","2.89572","2.25831"
"68.50000","2.89984","2.26100"
"68.60000","2.90415","2.26359"
"68.70000","2.90837","2.26614"
"68.80000","2.91259","2.26873"
"68.90000","2.91671","2.27135"
"69.00000","2.92102","2.27414"
"69.10000","2.92533","2.27694"
"69.20000","2.92946","2.27936"
"69.30000","2.93377","2.28248"
"69.40000","2.93808","2.28482"
"69.50000","2.94220","2.28723"
"69.60000","2.94642","2.29017"
"69.70000","2.95073","2.29264"
"69.80000","2.95485","2.29497"
"69.90000","2.95907","2.29807"
"70.00000","2.96338","2.30056"
"70.10000","2.96759","2.30320"
"70.20000","2.97181","2.30557"
"70.30000","2.97603","2.30851"
"70.40000","2.98043","2.31125"
"70.50000","2.98455","2.31352"
"70.60000","2.98877","2.31619"
"70.70000","2.99308","2.31879"
"70.80000","2.99730","2.32125"
"70.90000","3.00142","2.32406"
"71.00000","3.00583","2.32678"
"71.10000","3.01004","2.32950"
"71.20000","3.01417","2.33195"
"71.30000","3.01848","2.33476"
"71.40000","3.02269","2.33719"
"71.50000","3.02682","2.33955"
"71.60000","3.03113","2.34236"
"71.70000","3.03544","2.34482"
"71.80000","3.03956","2.34723"
"71.90000","3.04378","2.34979"
"72.00000","3.04809","2.35246"
"72.10000","3.05230","2.35474"
"72.20000","3.05633","2.35715"
"72.30000","3.06055","2.35957"
"72.40000","3.06495","2.36210"
"72.50000","3.06908","2.36460"
"72.60000","3.07329","2.36702"
"72.70000","3.07761","2.36958"
"72.80000","3.08192","2.37215"
"72.90000","3.08604","2.37475"
"73.00000","3.09035","2.37712"
"73.10000","3.09466","2.37967"
"73.20000","3.09878","2.38208"
"73.30000","3.10309","2.38477"
"73.40000","3.10740","2.38728"
"73.50000","3.11153","2.38945"
"73.60000","3.11574","2.39251"
"73.70000","3.12005","2.39477"
"73.80000","3.12427","2.39721"
"73.90000","3.12839","2.39953"
"74.00000","3.13270","2.40214"
"74.10000","3.13701","2.40455"
"74.20000","3.14114","2.40701"
"74.30000","3.14545","2.40963"
"74.40000","3.14976","2.41218"
"74.50000","3.15388","2.41434"
"74.60000","3.15810","2.41685"
"74.70000","3.16232","2.41938"
"74.80000","3.16663","2.42168"
"74.90000","3.17075","2.42402"
"75.00000","3.17506","2.42629"
"75.10000","3.17928","2.42919"
"75.20000","3.18340","2.43105"
"75.30000","3.18771","2.43391"
"75.40000","3.19193","2.43619"
"75.50000","3.19624","2.43858"
"75.60000","3.20036","2.44101"
"75.70000","3.20467","2.44336"
"75.80000","3.20898","2.44579"
"75.90000","3.21310","2.44807"
"76.00000","3.21742","2.45056"
"76.10000","3.22173","2.45293"
"76.20000","3.22585","2.45512"
"76.30000","3.23007","2.45762"
"76.40000","3.23438","2.46018"
"76.50000","3.23859","2.46225"
"76.60000","3.24272","2.46492"
"76.70000","3.24703","2.46729"
"76.80000","3.25134","2.46973"
"76.90000","3.25546","2.47200"
"77.00000","3.25968","2.47434"
"77.10000","3.26399","2.47704"
"77.20000","3.26820","2.47922"
"77.30000","3.27233","2.48183"
"77.40000","3.27673","2.48404"
"77.50000","3.28095","2.48654"
"77.60000","3.28507","2.48884"
"77.70000","3.28938","2.49129"
"77.80000","3.29360","2.49338"
"77.90000","3.29782","2.49573"
"78.00000","3.30203","2.49839"
"78.10000","3.30634","2.50064"
"78.20000","3.31056","2.50256"
"78.30000","3.31468","2.50509"
"78.40000","3.31909","2.50779"
"78.50000","3.32330","2.50992"
"78.60000","3.32733","2.51204"
"78.70000","3.33164","2.51427"
"78.80000","3.33586","2.51665"
"78.90000","3.34008","2.51894"
"79.00000","3.34429","2.52125"
"79.10000","3.34860","2.52365"
"79.20000","3.35282","2.52597"
"79.30000","3.35704","2.52820"
"79.40000","3.36135","2.53045"
"79.50000","3.36557","2.53271"
"79.60000","3.36969","2.53505"
"79.70000","3.37391","2.53728"
"79.80000","3.37831","2.53962"
"79.90000","3.38243","2.54175"
"80.00000","3.38665","2.54412"
"80.10000","3.39096","2.54655"
"80.20000","3.39527","2.54849"
"80.30000","3.39939","2.55088"
"80.40000","3.40370","2.55305"
"80.50000","3.40801","2.55528"
"80.60000","3.41214","2.55736"
"80.70000","3.41635","2.55982"
"80.80000","3.42067","2.56184"
"80.90000","3.42479","2.56421"
"81.00000","3.42900","2.56650"
"81.10000","3.43332","2.56879"
"81.20000","3.43763","2.57100"
"81.30000","3.44166","2.57310"
"81.40000","3.44606","2.57549"
"81.50000","3.45037","2.57776"
"81.60000","3.45440","2.57979"
"81.70000","3.45862","2.58215"
"81.80000","3.46293","2.58442"
"81.90000","3.46714","2.58639"
"82.00000","3.47136","2.58868"
"82.10000","3.47567","2.59089"
"82.20000","3.47979","2.59265"
"82.30000","3.48401","2.59485"
"82.40000","3.48823","2.59708"
"82.50000","3.49263","2.59945"
"82.60000","3.49675","2.60150"
"82.70000","3.50088","2.60374"
"82.80000","3.50528","2.60580"
"82.90000","3.50941","2.60791"
"83.00000","3.51362","2.60992"
"83.10000","3.51793","2.61227"
"83.20000","3.52215","2.61439"
"83.30000","3.52637","2.61655"
"83.40000","3.53068","2.61869"
"83.50000","3.53499","2.62089"
"83.60000","3.53902","2.62299"
"83.70000","3.54323","2.62504"
"83.80000","3.54764","2.62736"
"83.90000","3.55176","2.62934"
"84.00000","3.55598","2.63133"
"84.10000","3.56029","2.63368"
"84.20000","3.56460","2.63526"
"84.30000","3.56872","2.63769"
"84.40000","3.57303","2.64004"
"84.50000","3.57734","2.64202"
"84.60000","3.58147","2.64417"
"84.70000","3.58559","2.64640"
"84.80000","3.58999","2.64833"
"84.90000","3.59421","2.65037"
"85.00000","3.59833","2.65234"
"85.10000","3.60264","2.65465"
"85.20000","3.60686","2.65654"
"85.30000","3.61108","2.65858"
"85.40000","3.61529","2.66036"
"85.50000","3.61960","2.66276"
"85.60000","3.62373","2.66453"
"85.70000","3.62794","2.66681"
"85.80000","3.63235","2.66891"
"85.90000","3.63656","2.67115"
"86.00000","3.64069","2.67300"
"86.10000","3.64500","2.67535"
"86.20000","3.64922","2.67714"
"86.30000","3.65334","2.67917"
"86.40000","3.65765","2.68133"
"86.50000","3.66196","2.68337"
"86.60000","3.66608","2.68537"
"86.70000","3.67021","2.68740"
"86.80000","3.67452","2.68934"
"86.90000","3.67873","2.69142"
"87.00000","3.68295","2.69360"
"87.10000","3.68726","2.69563"
"87.20000","3.69148","2.69753"
"87.30000","3.69569","2.69964"
"87.40000","3.69991","2.70165"
"87.50000","3.70422","2.70353"
"87.60000","3.70834","2.70541"
"87.70000","3.71256","2.70760"
"87.80000","3.71687","2.70956"
"87.90000","3.72118","2.71150"
"88.00000","3.72531","2.71348"
"88.10000","3.72962","2.71560"
"88.20000","3.73393","2.71724"
"88.30000","3.73805","2.71922"
"88.40000","3.74236","2.72149"
"88.50000","3.74667","2.72320"
"88.60000","3.75079","2.72497"
"88.70000","3.75501","2.72689"
"88.80000","3.75923","2.72890"
"88.90000","3.76344","2.73057"
"89.00000","3.76766","2.73273"
"89.10000","3.77188","2.73474"
"89.20000","3.77628","2.73632"
"89.30000","3.78031","2.73807"
"89.40000","3.78462","2.74018"
"89.50000","3.78903","2.13060"
"89.52400","3.79024","0.48299"
