Test : Rate 1,"2.54000",mm/min
Specimen notes : Specimen note 1,""

Time,Extension,Load
(s),(mm),(kN)
"0.00000","0.00009","0.09451"
"0.10000","0.00225","0.09641"
"0.20000","0.00684","0.13731"
"0.30000","0.01153","0.18362"
"0.40000","0.01612","0.22923"
"0.50000","0.02090","0.27337"
"0.60000","0.02539","0.31479"
"0.70000","0.02952","0.35668"
"0.80000","0.03392","0.40069"
"0.90000","0.03833","0.44302"
"1.00000","0.04245","0.48233"
"1.10000","0.04657","0.52473"
"1.20000","0.05098","0.56681"
"1.30000","0.05519","0.60545"
"1.40000","0.05922","0.64580"
"1.50000","0.06353","0.68810"
"1.60000","0.06784","0.72659"
"1.70000","0.07197","0.76635"
"1.80000","0.07618","0.80848"
"1.90000","0.08068","0.84922"
"2.00000","0.08471","0.88792"
"2.10000","0.08883","0.92982"
"2.20000","0.09333","0.97164"
"2.30000","0.09745","1.01016"
"2.40000","0.10158","1.05019"
"2.50000","0.10589","1.09222"
"2.60000","0.11029","1.13094"
"2.70000","0.11432","1.16908"
"2.80000","0.11854","1.20935"
"2.90000","0.12294","1.24850"
"3.00000","0.12707","1.28524"
"3.10000","0.13119","1.32485"
"3.20000","0.13559","1.36471"
"3.30000","0.13990","1.40115"
"3.40000","0.14384","1.43887"
"3.50000","0.14815","1.47859"
"3.60000","0.15255","1.51474"
"3.70000","0.15668","1.55050"
"3.80000","0.16080","1.58923"
"3.90000","0.16530","1.62630"
"4.00000","0.16942","1.66058"
"4.10000","0.17354","1.69794"
"4.20000","0.17786","1.73558"
"4.30000","0.18217","1.76951"
"4.40000","0.18619","1.80439"
"4.50000","0.19060","1.84123"
"4.60000","0.19491","1.87547"
"4.70000","0.19903","1.90889"
"4.80000","0.20316","1.94478"
"4.90000","0.20756","1.97958"
"5.00000","0.21178","2.01183"
"5.10000","0.21590","2.04679"
"5.20000","0.22021","2.08286"
"5.30000","0.22452","2.11600"
"5.40000","0.22855","2.14846"
"5.50000","0.23286","2.18291"
"5.60000","0.23717","2.21588"
"5.70000","0.24129","2.24678"
"5.80000","0.24551","2.28066"
"5.90000","0.24992","2.31366"
"6.00000","0.25413","2.34344"
"6.10000","0.25826","2.37463"
"6.20000","0.26257","2.40685"
"6.30000","0.26688","2.43583"
"6.40000","0.27100","2.46337"
"6.50000","0.27522","2.49226"
"6.60000","0.27962","2.51894"
"6.70000","0.28374","2.54190"
"6.80000","0.28787","2.56662"
"6.90000","0.29218","2.59121"
"7.00000","0.29649","2.61169"
"7.10000","0.30052","2.63163"
"7.20000","0.30483","2.65308"
"7.30000","0.30923","2.67237"
"7.40000","0.31326","2.68831"
"7.50000","0.31748","2.70623"
"7.60000","0.32179","2.72304"
"7.70000","0.32601","2.73672"
"7.80000","0.33022","2.75118"
"7.90000","0.33453","2.76571"
"8.00000","0.33884","2.77748"
"8.10000","0.34287","2.78801"
"8.20000","0.34718","2.80056"
"8.30000","0.35159","2.81179"
"8.40000","0.35571","2.81967"
"8.50000","0.35974","2.82943"
"8.60000","0.36414","2.83979"
"8.70000","0.36845","2.84683"
"8.80000","0.37248","2.85431"
"8.90000","0.37679","2.86270"
"9.00000","0.38120","2.86975"
"9.10000","0.38523","2.87488"
"9.20000","0.38944","2.88260"
"9.30000","0.39385","2.88945"
"9.40000","0.39797","2.89333"
"9.50000","0.40209","2.89888"
"9.60000","0.40650","2.90577"
"9.70000","0.41081","2.90929"
"9.80000","0.41493","2.91337"
"9.90000","0.41915","2.91904"
"10.00000","0.42355","2.92304"
"10.10000","0.42758","2.92505"
"10.20000","0.43180","2.93022"
"10.30000","0.43620","2.93486"
"10.40000","0.44042","2.93658"
"10.50000","0.44445","2.93958"
"10.60000","0.44876","2.94428"
"10.70000","0.45317","2.94679"
"10.80000","0.45729","2.94825"
"10.90000","0.46150","2.95232"
"11.00000","0.46591","2.95556"
"11.10000","0.46994","2.95675"
"11.20000","0.47416","2.95934"
"11.30000","0.47856","2.96335"
"11.40000","0.48268","2.96397"
"11.50000","0.48681","2.96558"
"11.60000","0.49112","2.96930"
"11.70000","0.49543","2.97106"
"11.80000","0.49955","2.97154"
"11.90000","0.50377","2.97481"
"12.00000","0.50817","2.97730"
"12.10000","0.51229","2.97823"
"12.20000","0.51642","2.97938"
"12.30000","0.52082","2.98298"
"12.40000","0.52513","2.98388"
"12.50000","0.52916","2.98407"
"12.60000","0.53347","2.98701"
"12.70000","0.53788","2.98886"
"12.80000","0.54191","2.98888"
"12.90000","0.54612","2.99066"
"13.00000","0.55053","2.99394"
"13.10000","0.55474","2.99363"
"13.20000","0.55877","2.99519"
"13.30000","0.56318","2.99806"
"13.40000","0.56749","2.99870"
"13.50000","0.57152","2.99883"
"13.60000","0.57573","3.00166"
"13.70000","0.58014","3.00303"
"13.80000","0.58426","3.00281"
"13.90000","0.58838","3.00496"
"14.00000","0.59279","3.00709"
"14.10000","0.59710","3.00731"
"14.20000","0.60113","3.00825"
"14.30000","0.60544","3.01095"
"14.40000","0.60984","3.01128"
"14.50000","0.61387","3.01174"
"14.60000","0.61809","3.01362"
"14.70000","0.62249","3.01589"
"14.80000","0.62662","3.01430"
"14.90000","0.63074","3.01691"
"15.00000","0.63505","3.01891"
"15.10000","0.63936","3.01919"
"15.20000","0.64348","3.01948"
"15.30000","0.64770","3.02237"
"15.40000","0.65220","3.02356"
"15.50000","0.65623","3.02316"
"15.60000","0.66035","3.02505"
"15.70000","0.66475","3.02738"
"15.80000","0.66897","3.02651"
"15.90000","0.67300","3.02778"
"16.00000","0.67740","3.03028"
"16.10000","0.68181","3.03065"
"16.20000","0.68584","3.03056"
"16.30000","0.69006","3.03311"
"16.40000","0.69446","3.03384"
"16.50000","0.69849","3.03310"
"16.60000","0.70271","3.03568"
"16.70000","0.70711","3.03756"
"16.80000","0.71133","3.03738"
"16.90000","0.71545","3.03776"
"17.00000","0.71976","3.04087"
"17.10000","0.72407","3.04060"
"17.20000","0.72810","3.04073"
"17.30000","0.73241","3.04372"
"17.40000","0.73681","3.04433"
"17.50000","0.74084","3.04385"
"17.60000","0.74506","3.04602"
"17.70000","0.74947","3.04859"
"17.80000","0.75359","3.04701"
"17.90000","0.75771","3.04822"
"18.00000","0.76212","3.05111"
"18.10000","0.76643","3.05137"
"18.20000","0.77046","3.05121"
"18.30000","0.77477","3.05381"
"18.40000","0.77917","3.05468"
"18.50000","0.78320","3.05476"
"18.60000","0.78742","3.05610"
"18.70000","0.79182","3.05823"
"18.80000","0.79604","3.05744"
"18.90000","0.80007","3.05868"
"19.00000","0.80438","3.06149"
"19.10000","0.80878","3.06108"
"19.20000","0.81281","3.06158"
"19.30000","0.81712","3.06463"
"19.40000","0.82143","3.06455"
"19.50000","0.82555","3.06415"
"19.60000","0.82968","3.06597"
"19.70000","0.83408","3.06783"
"19.80000","0.83830","3.06791"
"19.90000","0.84233","3.06876"
"20.00000","0.84664","3.07148"
"20.10000","0.85114","3.07117"
"20.20000","0.85507","3.07091"
"20.30000","0.85938","3.07390"
"20.40000","0.86379","3.07526"
"20.50000","0.86791","3.07382"
"20.60000","0.87203","3.07551"
"20.70000","0.87653","3.07769"
"20.80000","0.88065","3.07692"
"20.90000","0.88478","3.07750"
"21.00000","0.88909","3.08093"
"21.10000","0.89340","3.08069"
"21.20000","0.89752","3.08091"
"21.30000","0.90174","3.08328"
"21.40000","0.90614","3.08398"
"21.50000","0.91027","3.08366"
"21.60000","0.91439","3.08612"
"21.70000","0.91879","3.08733"
"21.80000","0.92301","3.08723"
"21.90000","0.92704","3.08793"
"22.00000","0.93144","3.09069"
"22.10000","0.93575","3.09051"
"22.20000","0.93978","3.09020"
"22.30000","0.94409","3.09293"
"22.40000","0.94850","3.09400"
"22.50000","0.95262","3.09316"
"22.60000","0.95674","3.09447"
"22.70000","0.96115","3.09683"
"22.80000","0.96537","3.09613"
"22.90000","0.96939","3.09688"
"23.00000","0.97371","3.09940"
"23.10000","0.97811","3.09963"
"23.20000","0.98223","3.09972"
"23.30000","0.98645","3.10198"
"23.40000","0.99076","3.10358"
"23.50000","0.99488","3.10220"
"23.60000","0.99901","3.10392"
"23.70000","1.00350","3.10574"
"23.80000","1.00772","3.10525"
"23.90000","1.01175","3.10612"
"24.00000","1.01606","3.10896"
"24.10000","1.02046","3.10905"
"24.20000","1.02440","3.10885"
"24.30000","1.02871","3.11083"
"24.40000","1.03311","3.11201"
"24.50000","1.03724","3.11142"
"24.60000","1.04136","3.11269"
"24.70000","1.04577","3.11454"
"24.80000","1.04998","3.11371"
"24.90000","1.05411","3.11495"
"25.00000","1.05842","3.11734"
"25.10000","1.06282","3.11727"
"25.20000","1.06685","3.11759"
"25.30000","1.07107","3.11931"
"25.40000","1.07547","3.12042"
"25.50000","1.07950","3.11987"
"25.60000","1.08372","3.12185"
"25.70000","1.08812","3.12360"
"25.80000","1.09234","3.12286"
"25.90000","1.09637","3.12345"
"26.00000","1.10077","3.12614"
"26.10000","1.10508","3.12646"
"26.20000","1.10920","3.12610"
"26.30000","1.11333","3.12854"
"26.40000","1.11783","3.12940"
"26.50000","1.12186","3.12842"
"26.60000","1.12607","3.12994"
"26.70000","1.13048","3.13229"
"26.80000","1.13469","3.13103"
"26.90000","1.13882","3.13171"
"27.00000","1.14313","3.13412"
"27.10000","1.14744","3.13522"
"27.20000","1.15147","3.13491"
"27.30000","1.15568","3.13694"
"27.40000","1.16009","3.13768"
"27.50000","1.16421","3.13722"
"27.60000","1.16833","3.13864"
"27.70000","1.17283","3.14081"
"27.80000","1.17695","3.13964"
"27.90000","1.18108","3.14014"
"28.00000","1.18539","3.14284"
"28.10000","1.18979","3.14303"
"28.20000","1.19382","3.14265"
"28.30000","1.19804","3.14526"
"28.40000","1.20244","3.14633"
"28.50000","1.20666","3.14579"
"28.60000","1.21069","3.14654"
"28.70000","1.21509","3.14826"
"28.80000","1.21931","3.14777"
"28.90000","1.22343","3.14858"
"29.00000","1.22774","3.15072"
"29.10000","1.23205","3.15069"
"29.20000","1.23618","3.15041"
"29.30000","1.24039","3.15294"
"29.40000","1.24480","3.15357"
"29.50000","1.24892","3.15339"
"29.60000","1.25304","3.15394"
"29.70000","1.25735","3.15670"
"29.80000","1.26176","3.15584"
"29.90000","1.26579","3.15625"
"30.00000","1.27010","3.15838"
"30.10000","1.27450","3.15867"
"30.20000","1.27853","3.15832"
"30.30000","1.28266","3.16003"
"30.40000","1.28706","3.16213"
"30.50000","1.29128","3.16115"
"30.60000","1.29540","3.16224"
"30.70000","1.29971","3.16414"
"30.80000","1.30411","3.16371"
"30.90000","1.30814","3.16373"
"31.00000","1.31236","3.16530"
"31.10000","1.31676","3.16702"
"31.20000","1.32089","3.16606"
"31.30000","1.32501","3.16735"
"31.40000","1.32942","3.17016"
"31.50000","1.33363","3.16962"
"31.60000","1.33766","3.16895"
"31.70000","1.34197","3.17151"
"31.80000","1.34638","3.17223"
"31.90000","1.35041","3.17114"
"32.00000","1.35462","3.17300"
"32.10000","1.35903","3.17404"
"32.20000","1.36324","3.17381"
"32.30000","1.36737","3.17402"
"32.40000","1.37168","3.17667"
"32.50000","1.37599","3.17656"
"32.60000","1.38011","3.17634"
"32.70000","1.38433","3.17828"
"32.80000","1.38873","3.17906"
"32.90000","1.39285","3.17873"
"33.00000","1.39698","3.17991"
"33.10000","1.40138","3.18135"
"33.20000","1.40560","3.18012"
"33.30000","1.40972","3.18098"
"33.40000","1.41394","3.18366"
"33.50000","1.41834","3.18371"
"33.60000","1.42247","3.18355"
"33.70000","1.42659","3.18561"
"33.80000","1.43109","3.18626"
"33.90000","1.43521","3.18580"
"34.00000","1.43933","3.18682"
"34.10000","1.44374","3.18890"
"34.20000","1.44805","3.18742"
"34.30000","1.45208","3.18781"
"34.40000","1.45639","3.19059"
"34.50000","1.46070","3.19061"
"34.60000","1.46482","3.19014"
"34.70000","1.46894","3.19175"
"34.80000","1.47335","3.19287"
"34.90000","1.47757","3.19213"
"35.00000","1.48159","3.19337"
"35.10000","1.48600","3.19516"
"35.20000","1.49031","3.19450"
"35.30000","1.49434","3.19409"
"35.40000","1.49856","3.19659"
"35.50000","1.50296","3.19777"
"35.60000","1.50718","3.19703"
"35.70000","1.51121","3.19831"
"35.80000","1.51561","3.20071"
"35.90000","1.51983","3.19933"
"36.00000","1.52395","3.19940"
"36.10000","1.52826","3.20153"
"36.20000","1.53266","3.20135"
"36.30000","1.53669","3.20066"
"36.40000","1.54091","3.20252"
"36.50000","1.54532","3.20434"
"36.60000","1.54953","3.20318"
"36.70000","1.55365","3.20404"
"36.80000","1.55797","3.20575"
"36.90000","1.56228","3.20569"
"37.00000","1.56631","3.20533"
"37.10000","1.57062","3.20782"
"37.20000","1.57502","3.20761"
"37.30000","1.57905","3.20685"
"37.40000","1.58327","3.20806"
"37.50000","1.58767","3.20989"
"37.60000","1.59179","3.20895"
"37.70000","1.59592","3.21000"
"37.80000","1.60023","3.21200"
"37.90000","1.60463","3.21189"
"38.00000","1.60866","3.21082"
"38.10000","1.61288","3.21377"
"38.20000","1.61738","3.21348"
"38.30000","1.62150","3.21283"
"38.40000","1.62562","3.21416"
"38.50000","1.63003","3.21625"
"38.60000","1.63415","3.21513"
"38.70000","1.63827","3.21528"
"38.80000","1.64258","3.21832"
"38.90000","1.64699","3.21717"
"39.00000","1.65102","3.21708"
"39.10000","1.65523","3.21920"
"39.20000","1.65964","3.21997"
"39.30000","1.66376","3.21844"
"39.40000","1.66788","3.21954"
"39.50000","1.67229","3.22168"
"39.60000","1.67650","3.22042"
"39.70000","1.68063","3.22168"
"39.80000","1.68494","3.22399"
"39.90000","1.68925","3.22347"
"40.00000","1.69337","3.22241"
"40.10000","1.69759","3.22458"
"40.20000","1.70199","3.22524"
"40.30000","1.70612","3.22408"
"40.40000","1.71024","3.22532"
"40.50000","1.71464","3.22681"
"40.60000","1.71895","3.22629"
"40.70000","1.72298","3.22658"
"40.80000","1.72729","3.22937"
"40.90000","1.73160","3.22863"
"41.00000","1.73563","3.22795"
"41.10000","1.73994","3.23006"
"41.20000","1.74435","3.23028"
"41.30000","1.74847","3.22987"
"41.40000","1.75259","3.23035"
"41.50000","1.75700","3.23216"
"41.60000","1.76122","3.23062"
"41.70000","1.76524","3.23238"
"41.80000","1.76965","3.23452"
"41.90000","1.77387","3.23361"
"42.00000","1.77799","3.23300"
"42.10000","1.78221","3.23536"
"42.20000","1.78670","3.23577"
"42.30000","1.79083","3.23465"
"42.40000","1.79495","3.23558"
"42.50000","1.79935","3.23708"
"42.60000","1.80366","3.23564"
"42.70000","1.80769","3.23659"
"42.80000","1.81200","3.23956"
"42.90000","1.81631","3.23887"
"43.00000","1.82044","3.23768"
"43.10000","1.82465","3.23931"
"43.20000","1.82906","3.24069"
"43.30000","1.83309","3.23902"
"43.40000","1.83721","3.23996"
"43.50000","1.84162","3.24182"
"43.60000","1.84583","3.24073"
"43.70000","1.84986","3.24159"
"43.80000","1.85417","3.24376"
"43.90000","1.85867","3.24332"
"44.00000","1.86261","3.24266"
"44.10000","1.86682","3.24398"
"44.20000","1.87132","3.24531"
"44.30000","1.87544","3.24405"
"44.40000","1.87957","3.24549"
"44.50000","1.88397","3.24682"
"44.60000","1.88819","3.24615"
"44.70000","1.89231","3.24626"
"44.80000","1.89662","3.24814"
"44.90000","1.90103","3.24797"
"45.00000","1.90505","3.24715"
"45.10000","1.90927","3.24877"
"45.20000","1.91368","3.24913"
"45.30000","1.91780","3.24857"
"45.40000","1.92192","3.24946"
"45.50000","1.92623","3.25064"
"45.60000","1.93054","3.24949"
"45.70000","1.93457","3.25010"
"45.80000","1.93888","3.25230"
"45.90000","1.94329","3.25174"
"46.00000","1.94732","3.25150"
"46.10000","1.95153","3.25306"
"46.20000","1.95603","3.25378"
"46.30000","1.96006","3.25235"
"46.40000","1.96428","3.25324"
"46.50000","1.96868","3.25505"
"46.60000","1.97299","3.25423"
"46.70000","1.97702","3.25402"
"46.80000","1.98124","3.25581"
"46.90000","1.98564","3.25579"
"47.00000","1.98967","3.25505"
"47.10000","1.99389","3.25742"
"47.20000","1.99839","3.25788"
"47.30000","2.00251","3.25632"
"47.40000","2.00654","3.25773"
"47.50000","2.01094","3.25862"
"47.60000","2.01516","3.25774"
"47.70000","2.01928","3.25820"
"47.80000","2.02359","3.25995"
"47.90000","2.02800","3.26000"
"48.00000","2.03203","3.25935"
"48.10000","2.03624","3.26111"
"48.20000","2.04065","3.26179"
"48.30000","2.04486","3.25993"
"48.40000","2.04889","3.26092"
"48.50000","2.05330","3.26308"
"48.60000","2.05761","3.26150"
"48.70000","2.06164","3.26172"
"48.80000","2.06595","3.26367"
"48.90000","2.07026","3.26361"
"49.00000","2.07438","3.26280"
"49.10000","2.07860","3.26437"
"49.20000","2.08300","3.26481"
"49.30000","2.08713","3.26441"
"49.40000","2.09125","3.26477"
"49.50000","2.09565","3.26621"
"49.60000","2.09987","3.26493"
"49.70000","2.10390","3.26563"
"49.80000","2.10830","3.26664"
"49.90000","2.11271","3.26642"
"50.00000","2.11664","3.26591"
"50.10000","2.12086","3.26798"
"50.20000","2.12527","3.26847"
"50.30000","2.12948","3.26712"
"50.40000","2.13361","3.26807"
"50.50000","2.13801","3.26956"
"50.60000","2.14223","3.26819"
"50.70000","2.14635","3.26856"
"50.80000","2.15066","3.27019"
"50.90000","2.15506","3.26934"
"51.00000","2.15900","3.26918"
"51.10000","2.16322","3.27051"
"51.20000","2.16762","3.27185"
"51.30000","2.17174","3.27010"
"51.40000","2.17587","3.27124"
"51.50000","2.18027","3.27260"
"51.60000","2.18449","3.27166"
"51.70000","2.18861","3.27161"
"51.80000","2.19283","3.27346"
"51.90000","2.19733","3.27387"
"52.00000","2.20135","3.27291"
"52.10000","2.20557","3.27397"
"52.20000","2.20998","3.27497"
"52.30000","2.21419","3.27355"
"52.40000","2.21822","3.27443"
"52.50000","2.22263","3.27539"
"52.60000","2.22694","3.27505"
"52.70000","2.23106","3.27465"
"52.80000","2.23518","3.27628"
"52.90000","2.23968","3.27663"
"53.00000","2.24380","3.27503"
"53.10000","2.24783","3.27637"
"53.20000","2.25224","3.27791"
"53.30000","2.25645","3.27643"
"53.40000","2.26058","3.27630"
"53.50000","2.26489","3.27861"
"53.60000","2.26920","3.27790"
"53.70000","2.27332","3.27711"
"53.80000","2.27754","3.27903"
"53.90000","2.28194","3.27961"
"54.00000","2.28616","3.27754"
"54.10000","2.29019","3.27874"
"54.20000","2.29459","3.28044"
"54.30000","2.29890","3.27968"
"54.40000","2.30293","3.27905"
"54.50000","2.30724","3.28116"
"54.60000","2.31165","3.28121"
"54.70000","2.31577","3.27942"
"54.80000","2.31989","3.28105"
"54.90000","2.32430","3.28194"
"55.00000","2.32851","3.28092"
"55.10000","2.33254","3.28085"
"55.20000","2.33685","3.28311"
"55.30000","2.34117","3.28282"
"55.40000","2.34529","3.28167"
"55.50000","2.34950","3.28300"
"55.60000","2.35391","3.28359"
"55.70000","2.35803","3.28224"
"55.80000","2.36216","3.28322"
"55.90000","2.36656","3.28477"
"56.00000","2.37087","3.28334"
"56.10000","2.37490","3.28322"
"56.20000","2.37921","3.28589"
"56.30000","2.38352","3.28519"
"56.40000","2.38764","3.28380"
"56.50000","2.39186","3.28529"
"56.60000","2.39626","3.28622"
"56.70000","2.40048","3.28411"
"56.80000","2.40451","3.28495"
"56.90000","2.40882","3.28701"
"57.00000","2.41313","3.28542"
"57.10000","2.41725","3.28467"
"57.20000","2.42147","3.28712"
"57.30000","2.42588","3.28697"
"57.40000","2.42991","3.28625"
"57.50000","2.43412","3.28707"
"57.60000","2.43853","3.28820"
"57.70000","2.44274","3.28686"
"57.80000","2.44687","3.28672"
"57.90000","2.45118","3.28891"
"58.00000","2.45558","3.28789"
"58.10000","2.45961","3.28672"
"58.20000","2.46383","3.28791"
"58.30000","2.46823","3.28949"
"58.40000","2.47245","3.28756"
"58.50000","2.47648","3.28833"
"58.60000","2.48088","3.29006"
"58.70000","2.48519","3.28846"
"58.80000","2.48913","3.28880"
"58.90000","2.49344","3.29065"
"59.00000","2.49784","3.29007"
"59.10000","2.50187","3.28893"
"59.20000","2.50609","3.29004"
"59.30000","2.51059","3.29062"
"59.40000","2.51462","3.29038"
"59.50000","2.51874","3.29000"
"59.60000","2.52314","3.29202"
"59.70000","2.52745","3.29117"
"59.80000","2.53148","3.28985"
"59.90000","2.53579","3.29191"
"60.00000","2.54020","3.29221"
"60.10000","2.54432","3.29046"
"60.20000","2.54844","3.29127"
"60.30000","2.55294","3.29246"
"60.40000","2.55716","3.29139"
"60.50000","2.56119","3.29152"
"60.60000","2.56550","3.29340"
"60.70000","2.56990","3.29259"
"60.80000","2.57393","3.29182"
"60.90000","2.57815","3.29294"
"61.00000","2.58255","3.29347"
"61.10000","2.58668","3.29223"
"61.20000","2.59080","3.29267"
"61.30000","2.59520","3.29406"
"61.40000","2.59942","3.29280"
"61.50000","2.60345","3.29283"
"61.60000","2.60776","3.29514"
"61.70000","2.61216","3.29430"
"61.80000","2.61619","3.29290"
"61.90000","2.62041","3.29436"
"62.00000","2.62491","3.29528"
"62.10000","2.62903","3.29329"
"62.20000","2.63315","3.29393"
"62.30000","2.63747","3.29518"
"62.40000","2.64178","3.29398"
"62.50000","2.64590","3.29386"
"62.60000","2.65012","3.29565"
"62.70000","2.65452","3.29565"
"62.80000","2.65855","3.29354"
"62.90000","2.66277","3.29515"
"63.00000","2.66726","3.29570"
"63.10000","2.67139","3.29462"
"63.20000","2.67542","3.29525"
"63.30000","2.67982","3.29594"
"63.40000","2.68404","3.29526"
"63.50000","2.68816","3.29432"
"63.60000","2.69238","3.29664"
"63.70000","2.69678","3.29617"
"63.80000","2.70081","3.29490"
"63.90000","2.70503","3.29597"
"64.00000","2.70943","3.29673"
"64.10000","2.71365","3.29520"
"64.20000","2.71777","3.29596"
"64.30000","2.72218","3.29747"
"64.40000","2.72649","3.29585"
"64.50000","2.73052","3.29595"
"64.60000","2.73483","3.29814"
"64.70000","2.73923","3.29778"
"64.80000","2.74326","3.29606"
"64.90000","2.74748","3.29676"
"65.00000","2.75188","3.29772"
"65.10000","2.75600","3.29595"
"65.20000","2.76013","3.29665"
"65.30000","2.76453","3.29787"
"65.40000","2.76875","3.29681"
"65.50000","2.77278","3.29594"
"65.60000","2.77709","3.29791"
"65.70000","2.78140","3.29723"
"65.80000","2.78552","3.29651"
"65.90000","2.78974","3.29774"
"66.00000","2.79414","3.29812"
"66.10000","2.79827","3.29679"
"66.20000","2.80248","3.29773"
"66.30000","2.80689","3.29889"
"66.40000","2.81120","3.29704"
"66.50000","2.81523","3.29696"
"66.60000","2.81954","3.29882"
"66.70000","2.82394","3.29795"
"66.80000","2.82788","3.29704"
"66.90000","2.83219","3.29883"
"67.00000","2.83650","3.29877"
"67.10000","2.84071","3.29729"
"67.20000","2.84474","3.29762"
"67.30000","2.84905","3.29925"
"67.40000","2.85337","3.29748"
"67.50000","2.85739","3.29695"
"67.60000","2.86180","3.29942"
"67.70000","2.86611","3.29881"
"67.80000","2.87023","3.29733"
"67.90000","2.87445","3.29833"
"68.00000","2.87885","3.29921"
"68.10000","2.88298","3.29712"
"68.20000","2.88710","3.29785"
"68.30000","2.89150","3.29918"
"68.40000","2.89581","3.29783"
"68.50000","2.89984","3.29730"
"68.60000","2.90415","3.29935"
"68.70000","2.90856","3.29846"
"68.80000","2.91259","3.29712"
"68.90000","2.91680","3.29865"
"69.00000","2.92121","3.29925"
"69.10000","2.92533","3.29765"
"69.20000","2.92946","3.29773"
"69.30000","2.93377","3.29881"
"69.40000","2.93808","3.29772"
"69.50000","2.94211","3.29721"
"69.60000","2.94642","3.29882"
"69.70000","2.95082","3.29883"
"69.80000","2.95494","3.29770"
"69.90000","2.95907","3.29819"
"70.00000","2.96347","3.29883"
"70.10000","2.96769","3.29764"
"70.20000","2.97181","3.29731"
"70.30000","2.97612","3.29851"
"70.40000","2.98043","3.29750"
"70.50000","2.98455","3.29700"
"70.60000","2.98877","3.29793"
"70.70000","2.99318","3.29788"
"70.80000","2.99720","3.29657"
"70.90000","3.00142","3.29774"
"71.00000","3.00583","3.29837"
"71.10000","3.01004","3.29632"
"71.20000","3.01417","3.29674"
"71.30000","3.01848","3.29790"
"71.40000","3.02279","3.29625"
"71.50000","3.02682","3.29545"
"71.60000","3.03103","3.29687"
"71.70000","3.03544","3.29656"
"71.80000","3.03956","3.29525"
"71.90000","3.04368","3.29678"
"72.00000","3.04809","3.29724"
"72.10000","3.05240","3.29555"
"72.20000","3.05643","3.29504"
"72.30000","3.06074","3.29673"
"72.40000","3.06505","3.29562"
"72.50000","3.06917","3.29443"
"72.60000","3.07348","3.29654"
"72.70000","3.07789","3.29598"
"72.80000","3.08192","3.29458"
"72.90000","3.08613","3.29569"
"73.00000","3.09054","3.29655"
"73.10000","3.09475","3.29424"
"73.20000","3.09878","3.29401"
"73.30000","3.10309","3.29537"
"73.40000","3.10740","3.29389"
"73.50000","3.11153","3.29335"
"73.60000","3.11574","3.29440"
"73.70000","3.12015","3.29394"
"73.80000","3.12427","3.29255"
"73.90000","3.12839","3.29342"
"74.00000","3.13289","3.29416"
"74.10000","3.13701","3.29213"
"74.20000","3.14114","3.29179"
"74.30000","3.14545","3.29310"
"74.40000","3.14985","3.29201"
"74.50000","3.15388","3.29084"
"74.60000","3.15810","3.29136"
"74.70000","3.16250","3.29182"
"74.80000","3.16653","3.28968"
"74.90000","3.17075","3.29028"
"75.00000","3.17515","3.29143"
"75.10000","3.17937","3.28999"
"75.20000","3.18340","3.28910"
"75.30000","3.18780","3.29030"
"75.40000","3.19211","3.28906"
"75.50000","3.19614","3.28715"
"75.60000","3.20036","3.28836"
"75.70000","3.20476","3.28832"
"75.80000","3.20898","3.28625"
"75.90000","3.21310","3.28666"
"76.00000","3.21742","3.28814"
"76.10000","3.22173","3.28603"
"76.20000","3.22576","3.28442"
"76.30000","3.23007","3.28606"
"76.40000","3.23447","3.28533"
"76.50000","3.23850","3.28300"
"76.60000","3.24272","3.28438"
"76.70000","3.24712","3.28426"
"76.80000","3.25134","3.28255"
"76.90000","3.25537","3.28210"
"77.00000","3.25977","3.28324"
"77.10000","3.26408","3.28156"
"77.20000","3.26811","3.28012"
"77.30000","3.27242","3.28118"
"77.40000","3.27673","3.28051"
"77.50000","3.28095","3.27838"
"77.60000","3.28507","3.27842"
"77.70000","3.28948","3.27938"
"77.80000","3.29360","3.27654"
"77.90000","3.29772","3.27590"
"78.00000","3.30213","3.27716"
"78.10000","3.30644","3.27567"
"78.20000","3.31047","3.27383"
"78.30000","3.31478","3.27498"
"78.40000","3.31918","3.27421"
"78.50000","3.32330","3.27192"
"78.60000","3.32743","3.27062"
"78.70000","3.33174","3.27153"
"78.80000","3.33595","3.26909"
"78.90000","3.34008","3.26871"
"79.00000","3.34439","3.26923"
"79.10000","3.34879","3.26774"
"79.20000","3.35282","3.26583"
"79.30000","3.35704","3.26655"
"79.40000","3.36135","3.26598"
"79.50000","3.36566","3.26358"
"79.60000","3.36969","3.26331"
"79.70000","3.37409","3.26369"
"79.80000","3.37840","3.26131"
"79.90000","3.38243","3.25979"
"80.00000","3.38665","3.26046"
"80.10000","3.39115","3.25935"
"80.20000","3.39527","3.25637"
"80.30000","3.39939","3.25652"
"80.40000","3.40380","3.25660"
"80.50000","3.40801","3.25422"
"80.60000","3.41204","3.25273"
"80.70000","3.41635","3.25336"
"80.80000","3.42067","3.25152"
"80.90000","3.42479","3.24956"
"81.00000","3.42900","3.24926"
"81.10000","3.43341","3.24896"
"81.20000","3.43753","3.24631"
"81.30000","3.44166","3.24498"
"81.40000","3.44606","3.24503"
"81.50000","3.45037","3.24230"
"81.60000","3.45440","3.24102"
"81.70000","3.45871","3.24099"
"81.80000","3.46302","3.23876"
"81.90000","3.46714","3.23616"
"82.00000","3.47136","3.23651"
"82.10000","3.47576","3.23552"
"82.20000","3.47989","3.23276"
"82.30000","3.48401","3.23132"
"82.40000","3.48841","3.23108"
"82.50000","3.49273","3.22838"
"82.60000","3.49675","3.22563"
"82.70000","3.50097","3.22619"
"82.80000","3.50538","3.22424"
"82.90000","3.50941","3.22110"
"83.00000","3.51362","3.22070"
"83.10000","3.51812","3.21979"
"83.20000","3.52224","3.21671"
"83.30000","3.52627","3.21514"
"83.40000","3.53068","3.21461"
"83.50000","3.53499","3.21216"
"83.60000","3.53902","3.20940"
"83.70000","3.54333","3.20849"
"83.80000","3.54773","3.20730"
"83.90000","3.55185","3.20402"
"84.00000","3.55598","3.20274"
"84.10000","3.56038","3.20146"
"84.20000","3.56460","3.19870"
"84.30000","3.56863","3.19633"
"84.40000","3.57303","3.19597"
"84.50000","3.57744","3.19261"
"84.60000","3.58147","3.18929"
"84.70000","3.58568","3.18802"
"84.80000","3.59009","3.18683"
"84.90000","3.59421","3.18247"
"85.00000","3.59833","3.18090"
"85.10000","3.60274","3.17991"
"85.20000","3.60695","3.17671"
"85.30000","3.61098","3.17385"
"85.40000","3.61529","3.17316"
"85.50000","3.61970","3.16986"
"85.60000","3.62373","3.16626"
"85.70000","3.62794","3.16469"
"85.80000","3.63235","3.16269"
"85.90000","3.63656","3.15830"
"86.00000","3.64059","3.15608"
"86.10000","3.64500","3.15481"
"86.20000","3.64931","3.15066"
"86.30000","3.65334","3.14728"
"86.40000","3.65765","3.14608"
"86.50000","3.66205","3.14299"
"86.60000","3.66608","3.13863"
"86.70000","3.67030","3.13623"
"86.80000","3.67470","3.13448"
"86.90000","3.67892","3.12933"
"87.00000","3.68295","3.12706"
"87.10000","3.68735","3.12532"
"87.20000","3.69166","3.12030"
"87.30000","3.69569","3.11621"
"87.40000","3.69991","3.11449"
"87.50000","3.70431","3.11151"
"87.60000","3.70844","3.10696"
"87.70000","3.71256","3.10377"
"87.80000","3.71697","3.10168"
"87.90000","3.72128","3.09552"
"88.00000","3.72531","3.09223"
"88.10000","3.72971","3.09003"
"88.20000","3.73402","3.08568"
"88.30000","3.73805","3.08045"
"88.40000","3.74236","3.07823"
"88.50000","3.74676","3.07495"
"88.60000","3.75079","3.06880"
"88.70000","3.75501","3.06536"
"88.80000","3.75932","3.06224"
"88.90000","3.76354","3.05631"
"89.00000","3.76766","3.05194"
"89.10000","3.77206","3.04883"
"89.20000","3.77628","3.04349"
"89.30000","3.78031","3.03762"
"89.40000","3.78462","3.03491"
"89.50000","3.78903","3.03026"
"89.60000","3.79306","3.02411"
"89.70000","3.79727","3.02017"
"89.80000","3.80168","3.01584"
"89.90000","3.80589","3.00885"
"90.00000","3.81002","3.00326"
"90.10000","3.81433","3.00032"
"90.20000","3.81873","2.99346"
"90.30000","3.82276","2.98666"
"90.40000","3.82698","2.98273"
"90.50000","3.83147","2.97777"
"90.60000","3.83550","2.96999"
"90.70000","3.83963","2.96478"
"90.80000","3.84412","2.96016"
"90.90000","3.84825","2.95203"
"91.00000","3.85228","2.94571"
"91.10000","3.85659","2.94105"
"91.20000","3.86090","2.93382"
"91.30000","3.86502","2.92552"
"91.40000","3.86924","2.92011"
"91.50000","3.87364","2.91344"
"91.60000","3.87777","2.90436"
"91.70000","3.88189","2.89715"
"91.80000","3.88629","2.89053"
"91.90000","3.89060","2.87943"
"92.00000","3.89463","2.86521"
"92.09400","3.89913","1.65286"
